"accusamus17@example.net","267","password"
"anecessitatibus@example.net","17","password"
"aperiam34@example.org","135","password"
"aut.quia@example.org","260","password"
"blanditiis.commodi@example.net","153","password"
"but@example.com","209","password"
"cconsequuntur@example.net","124","password"
"cmagnam@example.net","225","password"
"commodi_natus@example.org","144","password"
"consequuntur.facilis@example.com","133","password"
"corrupti.unde@example.com","180","password"
"cporro@example.org","281","password"
"cumque.reprehenderit@example.org","93","password"
"cvoluptatem@example.org","224","password"
"dignissimos.voluptatem@example.net","147","password"
"dolor_ipsam@example.org","222","password"
"dolorem_fuga@example.org","272","password"
"dolorem.quis@example.net","218","password"
"doloribus.ipsum@example.com","202","password"
"drem@example.net","110","password"
"eaque.nostrum@example.org","164","password"
"eaque82@example.net","82","password"
"eest@example.org","177","password"
"eiste@example.net","323","password"
"eligendi28@example.org","70","password"
"enim_quae@example.net","88","password"
"enim.et@example.org","109","password"
"error_aliquid@example.com","186","password"
"esse_distinctio@example.org","214","password"
"esse.ut@example.com","251","password"
"est.officia@example.com","320","password"
"est25@example.net","308","password"
"et_ea@example.com","193","password"
"et_expedita@example.org","60","password"
"et16@example.org","4","password"
"et25@example.net","119","password"
"exy2000a@163.com","1","password"
"facere.aut@example.org","324","password"
"facilis.et@example.org","211","password"
"facilis50@example.org","159","password"
"fugit.voluptas@example.net","163","password"
"gquia@example.com","304","password"
"gullam@example.org","257","password"
"id.esse@example.org","198","password"
"illo_voluptas@example.com","61","password"
"illum.assumenda@example.org","181","password"
"ipsa74@example.com","289","password"
"ipsam20@example.com","173","password"
"itenetur@example.net","229","password"
"iure38@example.net","104","password"
"labore.rerum@example.net","300","password"
"laudantium59@example.com","158","password"
"lconsequuntur@example.org","54","password"
"lmaiores@example.org","248","password"
"lnulla@example.net","241","password"
"lvoluptas@example.com","263","password"
"mincidunt@example.net","116","password"
"mollitia41@example.net","21","password"
"natus_voluptas@example.com","87","password"
"nesciunt_eos@example.com","56","password"
"nesciunt_et@example.net","162","password"
"nostrum.delectus@example.org","97","password"
"nostrum73@example.com","213","password"
"nulla17@example.org","59","password"
"nvoluptatem@example.com","178","password"
"odio_ut@example.org","312","password"
"odio44@example.net","128","password"
"otempore@example.com","243","password"
"porro_ullam@example.org","296","password"
"provident_praesentium@example.com","151","password"
"quas_beatae@example.org","65","password"
"quasi83@example.net","22","password"
"qui_eligendi@example.org","154","password"
"qui33@example.net","137","password"
"qui58@example.com","273","password"
"quibusdam_ea@example.net","256","password"
"quis50@example.com","231","password"
"quisquam_temporibus@example.org","189","password"
"quisquam.rerum@example.net","99","password"
"ratione90@example.com","120","password"
"rem11@example.org","142","password"
"sapiente.libero@example.net","75","password"
"sapiente65@example.org","277","password"
"sconsectetur@example.org","282","password"
"sed.est@example.org","236","password"
"sed29@example.org","62","password"
"sed67@example.net","8","password"
"similique86@example.net","317","password"
"suscipit97@example.org","303","password"
"tdolor@example.net","78","password"
"tenetur.alias@example.com","208","password"
"totam_ut@example.org","91","password"
"urepellendus@example.org","113","password"
"ut_laudantium@example.net","255","password"
"ut_molestiae@example.net","84","password"
"vel45@example.com","11","password"
"vel96@example.org","25","password"
"vnisi@example.com","207","password"
"voluptas_nisi@example.net","12","password"
"voluptas28@example.com","220","password"
"voluptas64@example.org","212","password"
"voluptatem_minus@example.org","168","password"
"voluptatem_pariatur@example.net","195","password"
"voluptatem60@example.net","286","password"
"voluptatum.architecto@example.com","234","password"
"voluptatum53@example.net","291","password"
"waut@example.net","228","password"
"wincidunt@example.org","107","password"
"ydebitis@example.net","306","password"
"yratione@example.org","24","password"
